name,yearId,latitude,longitude,locationId,cuisineId,price
Kilian Stuba,2,47.34858,10.17114,3f11e65538,20ccbc66c1,5
Pfefferschiff,2,47.83787,13.07917,610b44bbeb,aecb0d8775,5
Esszimmer,2,47.80685,13.03409,cbda9fb725,20ccbc66c1,5
Carpe Diem,2,47.80001,13.04006,cbda9fb725,5defb69131,5
Edvard,2,48.216503,16.36852,cffcdfd2a1,b839692a99,4
Das Loft,2,48.21272,16.37931,cffcdfd2a1,b839692a99,5
Pramerl & the Wolf,2,48.20945,16.37174,cffcdfd2a1,20ccbc66c1,5
Walter Bauer,2,48.20923,16.37672,cffcdfd2a1,aecb0d8775,5
SHIKI,2,48.204067,16.37098,cffcdfd2a1,9239c22d1d,5
Tian,2,48.20513,16.37456,cffcdfd2a1,599271d949,5
aend,2,48.18957,16.34115,cffcdfd2a1,b839692a99,5
Le Ciel by Toni MÃ¶rwald,2,48.20209,16.37156,cffcdfd2a1,aecb0d8775,5
Chez TJ,2,37.39468,-122.08044,c5411d5f8f,a34deda01c,4
ProtÃ©gÃ©,2,37.427853,-122.14362,c5411d5f8f,a34deda01c,3
Madera,2,37.42014,-122.21151,a70c3bcf1d,a34deda01c,3
The Village Pub,2,37.42897,-122.25178,a70c3bcf1d,a34deda01c,3
Plumed Horse,2,37.25648,-122.03537,c5411d5f8f,a34deda01c,4
Wakuriya,2,37.52114,-122.3366,a70c3bcf1d,9239c22d1d,4
Sushi Yoshizumi,2,37.565075,-122.3211,a70c3bcf1d,9239c22d1d,4
Rasa,2,37.577522,-122.345985,a70c3bcf1d,a151302157,2
Maum,2,37.72669,-122.414215,c5411d5f8f,dec66c5bf0,4
Al's Place,2,37.748924,-122.42013,a70c3bcf1d,214b5cbd02,2
Aster,2,37.755054,-122.423134,a70c3bcf1d,214b5cbd02,3
Omakase,2,37.77077,-122.40298,a70c3bcf1d,9239c22d1d,4
Commonwealth,2,37.761395,-122.41946,a70c3bcf1d,a34deda01c,2
Luce,2,37.78194,-122.40498,a70c3bcf1d,a34deda01c,3
Birdsong,2,37.779495,-122.41048,a70c3bcf1d,ee70dc0a6c,4
In Situ,2,37.785633,-122.40113,a70c3bcf1d,bc440f645c,4
Mourad,2,37.78695,-122.39987,a70c3bcf1d,b3e5455bcf,3
Hashiri,2,37.783062,-122.40754,a70c3bcf1d,9239c22d1d,4
Angler,2,37.793167,-122.39213,a70c3bcf1d,a34deda01c,4
Rich Table,2,37.774914,-122.42271,a70c3bcf1d,a34deda01c,3
Kin Khao,2,37.785267,-122.40951,a70c3bcf1d,c32767e054,2
Michael Mina,2,37.79349,-122.399574,a70c3bcf1d,a34deda01c,4
Sons & Daughters,2,37.79037,-122.40917,a70c3bcf1d,a34deda01c,4
Mister Jiu's,2,37.79371,-122.406654,a70c3bcf1d,15dc188655,3
Nico,2,37.795803,-122.40333,a70c3bcf1d,a34deda01c,3
jÅ«-ni,2,37.77672,-122.43886,a70c3bcf1d,9239c22d1d,4
Keiko Ã  Nob Hill,2,37.793106,-122.41445,a70c3bcf1d,cdf2e5fcd3,4
The Progress,2,37.78371,-122.43282,a70c3bcf1d,214b5cbd02,3
State Bird Provisions,2,37.783737,-122.43283,a70c3bcf1d,ee70dc0a6c,2
Octavia,2,37.787857,-122.42709,a70c3bcf1d,214b5cbd02,3
SPQR,2,37.78732,-122.43375,a70c3bcf1d,485b57adcc,3
Lord Stanley,2,37.79592,-122.42208,a70c3bcf1d,214b5cbd02,3
Kinjo,2,37.79699,-122.422005,a70c3bcf1d,9239c22d1d,4
Sorrel,2,37.788334,-122.44614,a70c3bcf1d,214b5cbd02,3
Gary Danko,2,37.80599,-122.42066,a70c3bcf1d,a34deda01c,4
Bar Crenn,2,37.798435,-122.43581,a70c3bcf1d,44389f6a46,3
Spruce,2,37.78772,-122.45264,a70c3bcf1d,214b5cbd02,3
Wako,2,37.783035,-122.461525,a70c3bcf1d,9239c22d1d,4
Madcap,2,37.974712,-122.56168,a70c3bcf1d,a34deda01c,4
Aubergine,2,36.55406,-121.924355,db8e72fbb7,a34deda01c,4
Kenzo,2,38.29924,-122.28928,a70c3bcf1d,9239c22d1d,4
La Toque,2,38.30351,-122.28349,a70c3bcf1d,a34deda01c,4
Bouchon,2,38.40258,-122.3619,a70c3bcf1d,44389f6a46,3
Auberge du Soleil,2,38.49199,-122.40534,a70c3bcf1d,214b5cbd02,4
Farmhouse Inn & Restaurant,2,38.49039,-122.8835,a70c3bcf1d,214b5cbd02,4
The Kitchen,2,38.58894,-121.41424,a06f655f6a,a34deda01c,4
Madrona Manor,2,38.60428,-122.88647,a70c3bcf1d,a34deda01c,4
Harbor House,2,39.135876,-123.719444,a70c3bcf1d,214b5cbd02,4
Shin Sushi,2,34.15784,-118.49415,96d0aa70fa,9239c22d1d,3
Rustic Canyon,2,34.024952,-118.49118,96d0aa70fa,214b5cbd02,3
Dialogue,2,34.01679,-118.49748,96d0aa70fa,a34deda01c,4
Kato,2,34.041683,-118.460915,96d0aa70fa,652670c84e,3
CUT,2,34.067036,-118.401024,96d0aa70fa,b5c3e38b86,4
Nozawa Bar,2,34.0683,-118.39849,96d0aa70fa,9239c22d1d,4
Shunji,2,34.028496,-118.45195,96d0aa70fa,9239c22d1d,4
Maude,2,34.064346,-118.39904,96d0aa70fa,a34deda01c,4
Mori Sushi,2,34.033398,-118.44229,96d0aa70fa,9239c22d1d,4
Trois Mec,2,34.084255,-118.33851,96d0aa70fa,a34deda01c,4
Osteria Mozza,2,34.08342,-118.338974,96d0aa70fa,485b57adcc,3
Kali,2,34.083443,-118.32455,96d0aa70fa,214b5cbd02,3
Le Comptoir,2,34.06354,-118.30057,96d0aa70fa,214b5cbd02,4
Q Sushi,2,34.046883,-118.255844,96d0aa70fa,9239c22d1d,4
Shibumi,2,34.044155,-118.256134,96d0aa70fa,9239c22d1d,4
Hayato,2,34.03311,-118.24265,96d0aa70fa,9239c22d1d,4
Bistro Na's,2,34.104412,-118.07159,96d0aa70fa,15dc188655,2
Orsa & Winston,2,33.92145,-118.275406,96d0aa70fa,cdf2e5fcd3,4
Taco MarÃ­a,2,33.69475,-117.924965,24bc5d7bca,a6fa784420,3
Hana re,2,33.67759,-117.886566,24bc5d7bca,9239c22d1d,4
Addison,2,32.939903,-117.20013,acb3429164,a34deda01c,4
Parachute,2,41.94483,-87.70638,34971b8fb1,cdf2e5fcd3,2
Goosefoot,2,41.96856,-87.69596,34971b8fb1,a34deda01c,4
Elizabeth,2,41.969555,-87.688736,34971b8fb1,a34deda01c,4
EL Ideas,2,41.863,-87.68686,34971b8fb1,a34deda01c,4
Band of Bohemia,2,41.967308,-87.67477,34971b8fb1,b3124052a5,3
Schwa,2,41.90888,-87.66792,34971b8fb1,a34deda01c,4
Temporis,2,41.898907,-87.66725,34971b8fb1,a34deda01c,4
Entente,2,41.93721,-87.6652,34971b8fb1,a34deda01c,3
Elske,2,41.884426,-87.66071,34971b8fb1,a34deda01c,4
Dusek's (Board & Beer),2,41.857853,-87.65757,34971b8fb1,b3124052a5,2
Roister,2,41.886658,-87.65187,34971b8fb1,a34deda01c,3
Boka,2,41.91363,-87.64806,34971b8fb1,a34deda01c,3
Blackbird,2,41.88423,-87.64356,34971b8fb1,a34deda01c,3
Sepia,2,41.88394,-87.64247,34971b8fb1,ee70dc0a6c,3
North Pond,2,41.9296,-87.63762,34971b8fb1,a34deda01c,3
Everest,2,41.87597,-87.63212,34971b8fb1,44389f6a46,4
Topolobampo,2,41.89047,-87.63085,34971b8fb1,a6fa784420,4
Spiaggia,2,41.90062,-87.62457,34971b8fb1,485b57adcc,4
Monte,2,45.08279,13.631168,9bb6c5b609,20ccbc66c1,5
Draga di Lovrana,2,45.275867,14.251401,e8fb28a29e,b839692a99,5
Noel,2,45.811054,15.988205,5bd9be779c,b839692a99,5
Pelegrini,2,43.73603,15.888903,4f6c538ccc,b839692a99,5
360Âº,2,42.641563,18.111523,681dcf650e,b839692a99,5
Field,2,50.0919,14.42193,917858db69,b839692a99,5
La Degustation BohÃªme Bourgeoise,2,50.09115,14.42511,917858db69,b839692a99,5
GastromÃ©,2,56.15788,10.20937,7.577183E+063,b839692a99,3
Domestic,2,56.15893,10.212132,7.577183E+063,b839692a99,3
Substans,2,56.15415,10.20372,7.577183E+063,b839692a99,3
FrederikshÃ¸j,2,56.12497,10.208638,7.577183E+063,20ccbc66c1,4
Meâ€šMu,2,55.70901,9.53302,54f4949345,b839692a99,3
Ti Trin Ned,2,55.56659,9.752689,217de26d64,b839692a99,3
SlotskÃ¸kkenet,2,55.771236,11.390805,34887a836c,20ccbc66c1,4
SÃ¸llerÃ¸d Kro,2,55.81325,12.49548,3bcfce564d,b839692a99,2
JordnÃ¦r,2,55.748226,12.541014,3bcfce564d,9f9f264815,3
RelÃ¦,2,55.693233,12.543222,3bcfce564d,b839692a99,2
Kiin Kiin,2,55.69188,12.55754,3bcfce564d,c32767e054,2
formel B,2,55.67031,12.53798,3bcfce564d,b839692a99,2
Kokkeriet,2,55.68768,12.58492,3bcfce564d,b839692a99,3
Clou,2,55.68342,12.58497,3bcfce564d,b839692a99,4
Marchal,2,55.68034,12.58508,3bcfce564d,b839692a99,2
Kong Hans KÃ¦lder,2,55.6787,12.584003,3bcfce564d,3e8a3d4f30,4
Stud!o at The Standard,2,55.67799,12.59191,3bcfce564d,20ccbc66c1,3
108,2,55.67785,12.5980835,3bcfce564d,b839692a99,3
Era Ora,2,55.673004,12.591292,3bcfce564d,485b57adcc,2
Alouette,2,55.66265,12.57634,3bcfce564d,b839692a99,3
Frederiksminde,2,55.12417,12.04623,ee0b96340f,20ccbc66c1,3
Kadeau Bornholm,2,55.00457,14.969216,dbbc19422b,20ccbc66c1,4
Ask,2,60.17236,24.95648,82fee71ab7,b839692a99,3
GrÃ¶n,2,60.16446,24.93308,82fee71ab7,57eef27b16,3
Demo,2,60.164806,24.941635,82fee71ab7,b839692a99,3
Olo,2,60.16616,24.947704,82fee71ab7,b839692a99,3
Palace,2,60.16556,24.95256,82fee71ab7,b839692a99,3
Ora,2,60.157578,24.942947,82fee71ab7,b839692a99,3
Botrini's,2,38.02318,23.79377,ee89dadcf6,1d5168ec9a,5
Varoulko Seaside,2,37.937378,23.658577,ee89dadcf6,7f12db393e,5
Hytra,2,37.95818,23.71895,ee89dadcf6,b839692a99,5
Loaf On,2,22.379858,114.27188,2f488ffc82,b75dba358e,2
Lei Garden (Kwun Tong),2,22.312672,114.22482,2f488ffc82,b75dba358e,1
Tim Ho Wan (Sham Shui Po),2,22.32805,114.16665,2f488ffc82,2baf6a5cfd,1
Lei Garden (Mong Kok),2,22.320219,114.17133,2f488ffc82,b75dba358e,1
Ming Court,2,22.318314,114.16933,2f488ffc82,b75dba358e,3
Yat Tung Heen (Jordan),2,22.308014,114.17147,2f488ffc82,b75dba358e,2
Fu Ho (Tsim Sha Tsui),2,22.3022,114.17194,2f488ffc82,b75dba358e,2
Shang Palace,2,22.297325,114.177155,2f488ffc82,b75dba358e,3
IM Teppanyaki & Wine,2,22.280807,114.19211,2f488ffc82,4b17c11cca,2
Ah Yat Harbour View (Tsim Sha Tsui),2,22.296984,114.17197,2f488ffc82,b75dba358e,2
Rech,2,22.293434,114.174034,2f488ffc82,7f12db393e,4
Spring Moon,2,22.294943,114.17182,2f488ffc82,b75dba358e,3
Imperial Treasure Fine Chinese Cuisine,2,22.296177,114.170006,2f488ffc82,b75dba358e,2
Sushi Tokami,2,22.296112,114.16916,2f488ffc82,25e2d66355,5
Tosca,2,22.30357,114.16007,2f488ffc82,485b57adcc,3
Ã‰pure,2,22.29583,114.169304,,44389f6a46,3
Yee Tung Heen,2,22.282295,114.184135,2f488ffc82,b75dba358e,2
YÃ¨ Shanghai (Tsim Sha Tsui),2,22.295143,114.168236,2f488ffc82,ea4c157a38,1
Ho Hung Kee,2,22.280058,114.18364,2f488ffc82,051ce88919,1
Jardin de Jade (Wan Chai),2,22.28025,114.17716,2f488ffc82,ea4c157a38,2
Zhejiang Heen,2,22.2787,114.17763,2f488ffc82,ea4c157a38,2
Takumi by Daisuke Mori,2,22.276512,114.17718,2f488ffc82,9f30b33098,5
Kam's Roast Goose,2,22.277693,114.175385,2f488ffc82,aec7e808a6,1
Pang's Kitchen,2,22.26921,114.18452,2f488ffc82,b75dba358e,1
Xin Rong Ji,2,22.278013,114.17273,2f488ffc82,51a5128279,3
Qi (Wan Chai),2,22.276443,114.17126,2f488ffc82,f218c3d162,1
Man Wah,2,22.282213,114.15951,2f488ffc82,b75dba358e,4
Summer Palace,2,22.277136,114.1643,2f488ffc82,b75dba358e,3
Octavium,2,22.282587,114.1572,2f488ffc82,485b57adcc,3
Arbor,2,22.283146,114.15542,,9f30b33098,3
VEA,2,22.284931,114.15313,2f488ffc82,9f30b33098,5
Mandarin Grill + Bar,2,22.281048,114.1574,2f488ffc82,23e9edeb5a,4
Yat Lok,2,22.28226,114.155655,2f488ffc82,aec7e808a6,1
Guo Fu Lou,2,22.278313,114.16034,2f488ffc82,b75dba358e,3
Celebrity Cuisine,2,22.284334,114.15312,2f488ffc82,b75dba358e,2
Sushi Wadatsumi,2,22.281038,114.15646,2f488ffc82,25e2d66355,3
Arcane,2,22.280624,114.15682,2f488ffc82,23e9edeb5a,3
Duddell's,2,22.28008,114.157364,2f488ffc82,b75dba358e,3
Beefbar,2,22.27982,114.15752,2f488ffc82,b5c3e38b86,2
New Punjab Club,2,22.28005,114.15525,2f488ffc82,a151302157,2
Kaiseki Den by Saotome,2,22.285713,114.147865,2f488ffc82,9239c22d1d,5
Belon,2,22.281662,114.152405,2f488ffc82,44389f6a46,3
Tate,2,22.280996,114.15276,2f488ffc82,9f30b33098,5
The Ocean,2,22.235146,114.198524,2f488ffc82,44389f6a46,5
Costes Downtown,2,47.50113,19.048595,4b1167e976,b839692a99,4
Borkonyha Winekitchen,2,47.49953,19.052391,4b1167e976,b839692a99,4
Stand,2,47.500244,19.059624,4b1167e976,b839692a99,3
Babel,2,47.492603,19.05256,4b1167e976,b839692a99,5
Costes,2,47.48873,19.061779,4b1167e976,b839692a99,5
The Kitchen,2,22.191442,113.543,d887137dc2,b5c3e38b86,3
Tim's Kitchen,2,22.189898,113.5439,d887137dc2,b75dba358e,2
Wing Lei,2,22.188028,113.54578,d887137dc2,b75dba358e,2
King,2,22.190178,113.54028,d887137dc2,b75dba358e,1
Ying,2,22.161234,113.555405,d887137dc2,b75dba358e,2
Shinji by Kanesaka,2,22.149635,113.56397,d887137dc2,25e2d66355,4
The Golden Peacock,2,22.148178,113.56335,d887137dc2,a151302157,1
Zi Yat Heen,2,22.145418,113.56152,d887137dc2,b75dba358e,2
8 1/2 Otto e Mezzo - Bombana,2,22.14918,113.55393,d887137dc2,485b57adcc,3
Pearl Dragon,2,22.140524,113.56256,d887137dc2,b75dba358e,3
Lai Heen,2,22.148754,113.551926,d887137dc2,b75dba358e,2
FAGN,2,63.43392,10.39628,02de6394d1,b839692a99,4
Credo,2,63.43391,10.39631,02de6394d1,20ccbc66c1,4
RE-NAA,2,58.972088,5.732877,8aa1c330f3,20ccbc66c1,4
Sabi Omakase,2,58.969936,5.7433133,8aa1c330f3,25e2d66355,4
Galt,2,59.91661,10.71369,bcc48172e0,b839692a99,3
Kontrast,2,59.92355,10.75106,bcc48172e0,ef3767363e,3
Statholdergaarden,2,59.90937,10.74305,bcc48172e0,aecb0d8775,4
Del Posto,2,40.74327,-74.0077,3dddf7feb1,485b57adcc,4
Le Grill de JoÃ«l Robuchon,2,40.742897,-74.0077,3dddf7feb1,44389f6a46,4
L'Appart,2,40.711903,-74.01544,3dddf7feb1,44389f6a46,4
Okuda,2,40.743793,-74.00633,3dddf7feb1,9239c22d1d,4
WallsÃ©,2,40.73538,-74.00814,3dddf7feb1,e73d35fdc9,4
Jeju Noodle Bar,2,40.732952,-74.00744,3dddf7feb1,dec66c5bf0,2
Sushi Nakazawa,2,40.731716,-74.00451,3dddf7feb1,9239c22d1d,4
Kosaka,2,40.738316,-74.00137,3dddf7feb1,9239c22d1d,4
BÃ¢tard,2,40.719616,-74.00589,3dddf7feb1,a34deda01c,4
Hirohisa,2,40.72452,-74.003006,3dddf7feb1,9239c22d1d,3
Blue Hill,2,40.7321,-73.9996,3dddf7feb1,ee70dc0a6c,4
ZZ's Clam Bar,2,40.727646,-74.00046,3dddf7feb1,7f12db393e,4
Babbo,2,40.73233,-73.99916,3dddf7feb1,485b57adcc,4
Carbone,2,40.727966,-74.00017,3dddf7feb1,485b57adcc,4
Le Coucou,2,40.719162,-74.00001,3dddf7feb1,44389f6a46,3
Aldea,2,40.73885,-73.99366,3dddf7feb1,1d5168ec9a,4
Cote,2,40.73778,-73.99375,3dddf7feb1,dec66c5bf0,3
Bouley at Home,2,40.74114,-73.99242,3dddf7feb1,a34deda01c,3
Gotham Bar and Grill,2,40.73417,-73.99379,3dddf7feb1,ee70dc0a6c,4
Nix,2,40.733166,-73.993515,3dddf7feb1,599271d949,3
Junoon,2,40.74325,-73.99077,3dddf7feb1,a151302157,4
NoMad,2,40.74497,-73.98883,3dddf7feb1,a34deda01c,4
The Musket Room,2,40.723915,-73.99375,3dddf7feb1,a34deda01c,3
Uncle Boons,2,40.721203,-73.99441,3dddf7feb1,c32767e054,2
Noda,2,40.74497,-73.988075,3dddf7feb1,9239c22d1d,4
Gramercy Tavern,2,40.73849,-73.98868,3dddf7feb1,a34deda01c,4
The Clocktower,2,40.7414,-73.987595,3dddf7feb1,a34deda01c,3
Ai Fiori,2,40.75013,-73.98357,3dddf7feb1,485b57adcc,4
Casa Mono,2,40.73595,-73.98706,3dddf7feb1,8df7f1b361,3
Jewel Bako,2,40.72713,-73.98928,3dddf7feb1,9239c22d1d,3
The River CafÃ©,2,40.703613,-73.994774,3dddf7feb1,a34deda01c,4
Bar UchÅ«,2,40.72191,-73.99003,3dddf7feb1,9239c22d1d,4
CafÃ© China,2,40.749973,-73.98228,3dddf7feb1,15dc188655,2
Kanoyama,2,40.73071,-73.98655,3dddf7feb1,9239c22d1d,3
Contra,2,40.719917,-73.98922,3dddf7feb1,a34deda01c,4
Atomix,2,40.744408,-73.98292,3dddf7feb1,dec66c5bf0,4
Kyo Ya,2,40.7266,-73.98526,3dddf7feb1,9239c22d1d,3
Kajitsu,2,40.72776,-73.98428,3dddf7feb1,9239c22d1d,3
Agern,2,40.75234,-73.9775,3dddf7feb1,ef3767363e,4
Caviar Russe,2,40.760685,-73.97355,3dddf7feb1,a34deda01c,4
Tuome,2,40.724194,-73.9828,3dddf7feb1,cdf2e5fcd3,2
Tempura Matsui,2,40.74839,-73.97474,3dddf7feb1,9239c22d1d,4
Sushi Yasuda,2,40.75108,-73.97364,3dddf7feb1,9239c22d1d,4
Sushi Amane,2,40.75133,-73.971725,3dddf7feb1,9239c22d1d,4
CafÃ© Boulud,2,40.77439,-73.96414,3dddf7feb1,44389f6a46,4
Claro,2,40.677395,-73.98615,3dddf7feb1,a6fa784420,2
Satsuki,2,40.801243,-73.95187,3dddf7feb1,9239c22d1d,4
Sushi Noz,2,40.77384,-73.958275,3dddf7feb1,9239c22d1d,4
Sushi Inoue,2,40.810448,-73.943726,3dddf7feb1,9239c22d1d,4
Meadowsweet,2,40.710354,-73.96317,3dddf7feb1,1d5168ec9a,3
Casa EnrÃ­que,2,40.743492,-73.95425,3dddf7feb1,a6fa784420,2
Peter Luger,2,40.70986,-73.96263,3dddf7feb1,b5c3e38b86,4
Oxomoco,2,40.730057,-73.95538,3dddf7feb1,a6fa784420,3
The Finch,2,40.68704,-73.96297,3dddf7feb1,ee70dc0a6c,3
Faro,2,40.707584,-73.923035,3dddf7feb1,ee70dc0a6c,2
Senses,2,52.244583,21.005886,cba9c23b88,b839692a99,5
atelier Amaro,2,52.21708,21.03768,cba9c23b88,b839692a99,4
Olympe,2,-22.96109,-43.20658,3dba9604df,44389f6a46,5
Lasai,2,-22.95401,-43.19557,1af6bdd52a,b09be85d51,5
Oteque,2,-22.95747,-43.194424,1af6bdd52a,b09be85d51,5
Mee,2,-22.96764,-43.17925,fecf29c66e,89bdde54ae,5
Cipriani,2,-22.96755,-43.17901,fecf29c66e,485b57adcc,5
Jun Sakamoto,2,-23.56318,-46.67737,4a39dedf84,9239c22d1d,5
ManÃ­,2,-23.56621,-46.67974,ffd944faf7,df0b6c410f,5
Evvai,2,-23.567078,-46.679146,ffd944faf7,b09be85d51,5
Picchi,2,-23.565063,-46.666767,83115dd782,485b57adcc,5
Kosushi,2,-23.58522,-46.6809,88822974,9239c22d1d,3
Ryo Gastronomia,2,-23.58132,-46.6767,606f1b162e,9239c22d1d,5
TangarÃ¡ Jean-Georges,2,-23.634005,-46.72428,a70aaaec63,b09be85d51,5
Kinoshita,2,-23.59159,-46.67146,98040e873b,9239c22d1d,5
Kan Suke,2,-23.5684,-46.64936,3731d785af,9239c22d1d,5
Huto,2,-23.60882,-46.6598,0634ac8584,9239c22d1d,5
Stay,2,37.513004,127.10257,59f054fa5a,72fcfc7b84,3
Lee Jong Kuk 104,2,37.592903,126.997284,59f054fa5a,dec66c5bf0,4
Hansikgonggan,2,37.577705,126.98852,59f054fa5a,dec66c5bf0,3
Dining in Space,2,37.57761,126.98845,59f054fa5a,72fcfc7b84,3
Exquisine,2,37.521046,127.049736,59f054fa5a,9f30b33098,3
Dosa,2,37.52445,127.04441,59f054fa5a,9f30b33098,3
Joo Ok,2,37.52252,127.04396,59f054fa5a,791de1c57d,3
Balwoo Gongyang,2,37.57389,126.98318,59f054fa5a,6b0c4a57b4,2
Muoki,2,37.518963,127.04217,59f054fa5a,9f30b33098,3
L'AmitiÃ©,2,37.522675,127.032646,59f054fa5a,44389f6a46,3
Yu Yuan,2,37.57045,126.97534,59f054fa5a,15dc188655,3
Bicena,2,37.5384,127.00135,59f054fa5a,dec66c5bf0,3
Mosu,2,37.536415,126.99934,59f054fa5a,9f30b33098,5
Poom,2,37.54903,126.98341,59f054fa5a,dec66c5bf0,3
SoignÃ©,2,37.49816,127.002,59f054fa5a,9f30b33098,3
Table for Four,2,37.49769,126.99442,59f054fa5a,23e9edeb5a,3
Zero Complex,2,37.49417,126.9948,59f054fa5a,9f30b33098,3
Jin Jin,2,37.55777,126.91324,59f054fa5a,15dc188655,1
Gotgan,2,37.52212,126.92022,59f054fa5a,dec66c5bf0,4
Hill Street Tai Hwa Pork Noodle,1,1.3052,103.8624,20c0b7bdab,ae391411d4,1
Putien (Kitchener Road),1,1.30969,103.8573,20c0b7bdab,48d159c1c5,1
Chef Kang's,1,1.304735,103.84955,20c0b7bdab,b75dba358e,3
Garibaldi,1,1.296564,103.855,20c0b7bdab,485b57adcc,1
Summer Pavilion,1,1.291284,103.8603,20c0b7bdab,b75dba358e,2
Shinji (Bras Basah Road),1,1.2959028,103.8539,20c0b7bdab,25e2d66355,2
The Song of India,1,1.310767,103.8353,20c0b7bdab,a151302157,1
Lei Garden,1,1.295228,103.8521,20c0b7bdab,b75dba358e,1
Whitegrass,1,1.295452,103.8516,20c0b7bdab,568d388c30,2
Jaan,1,1.293184,103.8529,20c0b7bdab,72fcfc7b84,3
Labyrinth,1,1.2899688,103.8562,20c0b7bdab,9f30b33098,2
Cut,1,1.2853268,103.8607,20c0b7bdab,b5c3e38b86,3
Alma,1,1.309123,103.834,20c0b7bdab,23e9edeb5a,1
BÃ©ni,1,1.302379,103.8366,20c0b7bdab,72fcfc7b84,2
Crystal Jade Golden Palace,1,1.303244,103.8353,20c0b7bdab,15dc188655,1
Imperial Treasure Fine Teochew Cuisine (Orchard),1,1.3032448,103.8349,20c0b7bdab,15dc188655,1
Saint Pierre,1,1.285781,103.8538,20c0b7bdab,72fcfc7b84,2
Sushi Ichi,1,1.305105,103.8324,20c0b7bdab,25e2d66355,3
Sushi Kimura,1,1.3063719,103.829475,20c0b7bdab,25e2d66355,4
Iggy's,1,1.305986,103.8294,20c0b7bdab,23e9edeb5a,3
Braci,1,1.287212,103.84949,20c0b7bdab,e59f6625bf,2
Jiang-Nan Chun,1,1.304937,103.8288,20c0b7bdab,b75dba358e,3
Bacchanalia,1,1.2874758,103.8474,20c0b7bdab,9f30b33098,2
Shinji (Tanglin Road),1,1.305821,103.8257,20c0b7bdab,25e2d66355,4
Corner House,1,1.315121,103.8154,20c0b7bdab,9f30b33098,2
Summer Palace,1,1.3043848,103.825,20c0b7bdab,b75dba358e,1
Cheek by Jowl,1,1.281301,103.84849,20c0b7bdab,568d388c30,1
Nouri,1,1.28086,103.84713,20c0b7bdab,9f30b33098,1
Liao Fan Hong Kong Soya Sauce Chicken Rice & Noodle,1,1.28248,103.8439,20c0b7bdab,ae391411d4,1
Burnt Ends,1,1.280501,103.8418,20c0b7bdab,74df3da1ef,2
Rhubarb,1,1.279368,103.843,20c0b7bdab,72fcfc7b84,1
Meta,1,1.279372,103.8415,20c0b7bdab,9f30b33098,2
Ma Cuisine,1,1.27826,103.842,20c0b7bdab,44389f6a46,1
Candlenut,1,1.2797709,103.8402,20c0b7bdab,e27ed35d0e,1
Bhoga,2,57.70618,11.9624,d44feb5919,20ccbc66c1,3
Koka,2,57.698406,11.965365,d44feb5919,b839692a99,3
28+,2,57.69809,11.97377,d44feb5919,b839692a99,3
SK Mat & MÃ¤nniskor,2,57.69688,11.98338,d44feb5919,b839692a99,3
ThÃ¶rnstrÃ¶ms KÃ¶k,2,57.69437,11.977609,d44feb5919,aecb0d8775,3
Upper House,2,57.69745,11.99021,d44feb5919,20ccbc66c1,4
Agrikultur,2,59.34777,18.05863,c62ff645db,b839692a99,4
Sushi Sho,2,59.341286,18.049892,c62ff645db,9239c22d1d,3
Volt,2,59.33867,18.079683,c62ff645db,20ccbc66c1,3
Ekstedt,2,59.33674,18.07521,c62ff645db,690b92b20e,3
OperakÃ¤llaren,2,59.329876,18.071363,c62ff645db,aecb0d8775,4
Mathias Dahlgren-Matbaren,2,59.32935,18.07543,c62ff645db,b839692a99,2
AloÃ«,2,59.2842,17.985748,c62ff645db,20ccbc66c1,4
PM & VÃ¤nner,2,56.87892,14.80387,8ff3c33746,20ccbc66c1,3
Bloom in the Park,2,55.59064,12.99794,a0ac51e9f3,20ccbc66c1,2
SAV,2,55.53376,13.00537,a0ac51e9f3,20ccbc66c1,3
Golden Formosa,2,25.118216,121.53623,5ffacf6c2d,97f3aedf9d,2
Danny's Steakhouse,2,25.082657,121.552765,5ffacf6c2d,b5c3e38b86,2
L'Atelier de JoÃ«l Robuchon,2,25.039188,121.56771,5ffacf6c2d,72fcfc7b84,3
Kitcho,2,25.04429,121.55076,5ffacf6c2d,25e2d66355,4
Tien Hsiang Lo,2,25.062696,121.529976,5ffacf6c2d,8cc8cdbd5a,2
Ya Ge,2,25.06625,121.52533,5ffacf6c2d,b75dba358e,2
Da-Wan,2,25.043018,121.55019,5ffacf6c2d,74df3da1ef,3
Sushi Nomura,2,25.03618,121.55465,5ffacf6c2d,25e2d66355,3
logy,2,25.03561,121.55323,5ffacf6c2d,4d4c628e5b,4
Ming Fu,2,25.06171,121.52399,5ffacf6c2d,97f3aedf9d,3
Ken An Ho,2,25.034622,121.55281,5ffacf6c2d,9239c22d1d,4
Sushi Ryu,2,25.055832,121.52724,5ffacf6c2d,25e2d66355,4
MUME,2,25.036266,121.54809,5ffacf6c2d,23e9edeb5a,3
Impromptu by Paul Lee,2,25.05429,121.524254,5ffacf6c2d,9f30b33098,3
Longtail,2,25.023922,121.54841,5ffacf6c2d,9f30b33098,2
Mountain and Sea House,2,25.038046,121.531395,5ffacf6c2d,97f3aedf9d,2
Da San Yuan,2,25.042248,121.512215,5ffacf6c2d,b75dba358e,1
Tainan Tan Tsu Mien Seafood,2,25.03799,121.4984,5ffacf6c2d,7f12db393e,2
Suan Thip,2,13.926962,100.502144,5b7046f255,c32767e054,1
Upstairs at Mikkeller,2,13.727946,100.58844,5b7046f255,9f30b33098,5
Chim by Siam Wisdom,2,13.740706,100.56789,5b7046f255,c32767e054,3
R-Haan,2,13.731805,100.57972,5b7046f255,c32767e054,4
Canvas,2,13.728886,100.580826,5b7046f255,9f30b33098,4
Bo.lan,2,13.726389,100.57799,5b7046f255,c32767e054,5
Sra Bua by Kiin Kiin,2,13.754137,100.53451,5b7046f255,355d18a454,3
Elements,2,13.742978,100.54798,5b7046f255,72fcfc7b84,4
Paste,2,13.744594,100.540565,5b7046f255,c32767e054,3
Ginza Sushi ichi,2,13.744069,100.54092,5b7046f255,25e2d66355,4
Sorn,2,13.723242,100.56848,5b7046f255,cd3682b1fc,5
Savelberg,2,13.738216,100.54642,5b7046f255,72fcfc7b84,3
Saneh Jaan,2,13.735739,100.54605,5b7046f255,c32767e054,2
Gaa,2,13.737806,100.54275,5b7046f255,9f30b33098,4
Methavalai Sorndaeng,2,13.756321,100.502045,5b7046f255,c32767e054,2
Jay Fai,2,13.752614,100.50466,5b7046f255,ae391411d4,2
Nahm,2,13.724357,100.53926,5b7046f255,c32767e054,3
J'AIME by Jean-Michel Lorain,2,13.718885,100.546326,5b7046f255,72fcfc7b84,3
Saawaan,2,13.721809,100.53741,5b7046f255,355d18a454,4
Le Du,2,13.725005,100.52939,5b7046f255,c32767e054,4
Ruean Panya,2,13.558403,100.28264,5b7046f255,c32767e054,2
PRU,2,8.034298,98.2764,c0b14b8d3c,9f30b33098,5
Blue Duck Tavern,2,38.905373,-77.05128,66829a57db,ee70dc0a6c,3
Tail Up Goat,2,38.9235,-77.043274,66829a57db,a34deda01c,2
Komi,2,38.910107,-77.03836,66829a57db,1d5168ec9a,4
Sushi Taro,2,38.909992,-77.03834,66829a57db,9239c22d1d,4
Plume,2,38.906,-77.03671,66829a57db,ea722c81af,4
Siren by RW,2,38.907776,-77.035446,66829a57db,7f12db393e,3
Bresca,2,38.91584,-77.0321,66829a57db,a34deda01c,2
The Dabney,2,38.906292,-77.024666,66829a57db,ee70dc0a6c,2
MÃ©tier,2,38.903503,-77.0218,66829a57db,a34deda01c,4
Kinship,2,38.903282,-77.0218,66829a57db,a34deda01c,3
Fiola,2,38.89416,-77.02032,66829a57db,485b57adcc,4
Masseria,2,38.909504,-76.99908,66829a57db,485b57adcc,3
Rose's Luxury,2,38.88064,-76.99515,66829a57db,a34deda01c,2
Amador,2,48.25406,16.35915,cffcdfd2a1,20ccbc66c1,5
Manresa,2,37.22761,-121.98071,c5411d5f8f,a34deda01c,4
Benu,2,37.78521,-122.39876,a70c3bcf1d,652670c84e,4
Quince,2,37.79762,-122.40337,a70c3bcf1d,a34deda01c,4
Atelier Crenn,2,37.79835,-122.43586,a70c3bcf1d,a34deda01c,4
The French Laundry,2,38.40443,-122.36474,a70c3bcf1d,a34deda01c,4
The Restaurant at Meadowood,2,38.52025,-122.46479,a70c3bcf1d,a34deda01c,4
SingleThread,2,38.612164,-122.869705,a70c3bcf1d,a34deda01c,4
Alinea,2,41.91328,-87.64798,34971b8fb1,a34deda01c,4
Geranium,2,55.70393,12.57197,3bcfce564d,20ccbc66c1,4
T'ang Court,2,22.296572,114.1698,2f488ffc82,b75dba358e,3
Bo Innovation,2,22.27614,114.171,2f488ffc82,9f30b33098,5
Lung King Heen,2,22.28665,114.15674,2f488ffc82,b75dba358e,4
Caprice,2,22.286646,114.15662,2f488ffc82,44389f6a46,4
8Â½ Otto e Mezzo - Bombana,2,22.28189,114.15839,2f488ffc82,485b57adcc,4
L'Atelier de JoÃ«l Robuchon,2,22.281199,114.15816,2f488ffc82,72fcfc7b84,4
Sushi Shikon,2,22.28511,114.15208,2f488ffc82,25e2d66355,5
The Eight,2,22.190475,113.54341,d887137dc2,15dc188655,3
Robuchon au DÃ´me,2,22.189949,113.54395,d887137dc2,72fcfc7b84,4
Jade Dragon,2,22.149137,113.56715,d887137dc2,b75dba358e,2
Maaemo,2,59.910477,10.760408,bcc48172e0,b839692a99,4
Masa,2,40.76855,-73.98335,3dddf7feb1,9239c22d1d,4
Per Se,2,40.76828,-73.98292,3dddf7feb1,a34deda01c,4
Le Bernardin,2,40.76177,-73.98223,3dddf7feb1,7f12db393e,4
Eleven Madison Park,2,40.7417,-73.98712,3dddf7feb1,a34deda01c,4
Chef's Table at Brooklyn Fare,2,40.68872,-73.98581,3dddf7feb1,a34deda01c,4
La Yeon,2,37.555813,127.00517,59f054fa5a,dec66c5bf0,4
Gaon,2,37.52265,127.03595,59f054fa5a,dec66c5bf0,5
FrantzÃ©n,2,59.33418,18.05812,c62ff645db,b839692a99,4
Le Palais,2,25.049496,121.51674,5ffacf6c2d,b75dba358e,2
The Inn at Little Washington,2,38.713623,-78.16208,66829a57db,ee70dc0a6c,4
SENNS.Restaurant,2,47.83636,13.06389,cbda9fb725,20ccbc66c1,5
Ikarus,2,47.79536,13.00695,cbda9fb725,20ccbc66c1,5
Mraz & Sohn,2,48.23129,16.37637,cffcdfd2a1,20ccbc66c1,5
Konstantin Filippou,2,48.21056,16.37996,cffcdfd2a1,b839692a99,5
Silvio Nickol Gourmet Restaurant,2,48.20558,16.37693,cffcdfd2a1,b839692a99,5
Steirereck im Stadtpark,2,48.20229,16.3805,cffcdfd2a1,20ccbc66c1,5
BaumÃ©,2,37.4285,-122.14272,c5411d5f8f,a34deda01c,4
Commis,2,37.82476,-122.25505,a70c3bcf1d,a34deda01c,4
Californios,2,37.75555,-122.417145,a70c3bcf1d,a6fa784420,4
Lazy Bear,2,37.760204,-122.41969,a70c3bcf1d,a34deda01c,4
Saison,2,37.76327,-122.41543,a70c3bcf1d,214b5cbd02,4
Campton Place,2,37.78923,-122.40665,a70c3bcf1d,a151302157,4
Coi,2,37.79812,-122.40331,a70c3bcf1d,a34deda01c,4
Acquerello,2,37.79167,-122.42131,a70c3bcf1d,485b57adcc,4
Urasawa,2,34.067352,-118.40067,96d0aa70fa,9239c22d1d,4
Sushi Ginza Onodera,2,34.08238,-118.37654,96d0aa70fa,9239c22d1d,4
Somni,2,34.070095,-118.37649,96d0aa70fa,a34deda01c,4
Providence,2,34.083523,-118.33019,96d0aa70fa,7f12db393e,4
n/naka,2,34.02526,-118.41206,96d0aa70fa,a34deda01c,4
Vespertine,2,34.024204,-118.38166,96d0aa70fa,a34deda01c,4
Smyth,2,41.885,-87.660736,34971b8fb1,a34deda01c,4
Oriole,2,41.886196,-87.64513,34971b8fb1,a34deda01c,4
Acadia,2,41.85904,-87.62562,34971b8fb1,a34deda01c,4
KOKS,2,62.13667,-7.022025,1511366159,20ccbc66c1,4
Henne Kirkeby Kro,2,55.72682,8.242021,6d44dca65c,aecb0d8775,3
aâ€šoâ€šc,2,55.68305,12.58921,3bcfce564d,b839692a99,4
noma,2,55.68332,12.61006,3bcfce564d,20ccbc66c1,4
Kadeau Copenhagen,2,55.67219,12.58848,3bcfce564d,b839692a99,4
Spondi,2,37.96525,23.742971,ee89dadcf6,44389f6a46,5
Sun Tung Lok,2,22.30099,114.17221,2f488ffc82,b75dba358e,2
Yan Toh Heen,2,22.293337,114.17395,2f488ffc82,b75dba358e,3
Tin Lung Heen,2,22.30357,114.16007,2f488ffc82,b75dba358e,3
Tenku RyuGin,2,22.30331,114.16021,2f488ffc82,9239c22d1d,5
Forum,2,22.281616,114.1824,2f488ffc82,b75dba358e,2
Sushi Saito,2,22.286467,114.15677,2f488ffc82,25e2d66355,5
Pierre,2,22.282127,114.15948,2f488ffc82,72fcfc7b84,4
Ying Jee Club,2,22.284338,114.156654,2f488ffc82,b75dba358e,2
Ã‰criture,2,22.28315,114.1554,2f488ffc82,72fcfc7b84,3
Ta Vie,2,22.282766,114.15529,2f488ffc82,9f30b33098,5
Amber,2,22.280596,114.15764,2f488ffc82,72fcfc7b84,4
Kashiwaya,2,22.280643,114.15674,2f488ffc82,9239c22d1d,4
Onyx,2,47.49712,19.05067,4b1167e976,b839692a99,5
Feng Wei Ju,2,22.18996,113.54794,d887137dc2,23af18e2fd,1
Golden Flower,2,22.18753,113.54806,d887137dc2,15dc188655,2
Mizumi (Macau),2,22.188755,113.54488,d887137dc2,9239c22d1d,2
The Tasting Room,2,22.14958,113.56505,d887137dc2,72fcfc7b84,3
Alain Ducasse at Morpheus,2,22.14293,113.563774,d887137dc2,72fcfc7b84,5
L'Atelier de JoÃ«l Robuchon,2,40.742905,-74.00769,3dddf7feb1,44389f6a46,4
Jungsik,2,40.718685,-74.00911,3dddf7feb1,dec66c5bf0,4
Atera,2,40.716797,-74.00565,3dddf7feb1,a34deda01c,4
Jean-Georges,2,40.76907,-73.98155,3dddf7feb1,a34deda01c,4
Marea,2,40.76749,-73.98114,3dddf7feb1,7f12db393e,4
Gabriel Kreuther,2,40.75397,-73.982025,3dddf7feb1,a34deda01c,4
Ichimura at UchÅ«,2,40.721832,-73.99012,3dddf7feb1,9239c22d1d,4
Sushi Ginza Onodera,2,40.752396,-73.981575,3dddf7feb1,9239c22d1d,4
Ko,2,40.72909,-73.98448,3dddf7feb1,a34deda01c,4
The Modern,2,40.76106,-73.97628,3dddf7feb1,a34deda01c,4
Aquavit,2,40.76078,-73.97214,3dddf7feb1,ef3767363e,4
Daniel,2,40.7666,-73.96745,3dddf7feb1,44389f6a46,4
Aska,2,40.71222,-73.96642,3dddf7feb1,ef3767363e,4
Blanca,2,40.70492,-73.93354,3dddf7feb1,a34deda01c,4
Oro,2,-22.98601,-43.22471,4d4605b59c,df0b6c410f,5
Tuju,2,-23.55653,-46.69083,f585b222c3,df0b6c410f,5
D.O.M.,2,-23.56618,-46.66742,2bffedbb94,df0b6c410f,5
Kojima,2,37.52559,127.04193,59f054fa5a,25e2d66355,5
Jungsik,2,37.525585,127.04107,59f054fa5a,791de1c57d,3
Kwonsooksoo,2,37.526752,127.03571,59f054fa5a,dec66c5bf0,3
Mingles,2,37.52219,127.0392,59f054fa5a,791de1c57d,3
Alla Prima,2,37.51844,127.03008,59f054fa5a,9f30b33098,3
Waku Ghin,1,1.283175,103.8598,20c0b7bdab,d79d741152,5
Odette,1,1.2896459,103.8516,20c0b7bdab,72fcfc7b84,4
Shoukouwa,1,1.2863698,103.854,20c0b7bdab,25e2d66355,5
Shisen Hanten,1,1.302395,103.8365,20c0b7bdab,15dc188655,1
Les Amis,1,1.3066648,103.8314,20c0b7bdab,44389f6a46,3
FÃ¤viken Magasinet,2,63.43626,13.29337,98abcab13e,20ccbc66c1,4
Gastrologik,2,59.33365,18.0807,c62ff645db,20ccbc66c1,4
Oaxen Krog,2,59.322342,18.101831,c62ff645db,20ccbc66c1,4
Vollmers,2,55.604427,12.995848,a0ac51e9f3,20ccbc66c1,4
Daniel Berlin,2,55.61246,13.99265,b178aa429c,20ccbc66c1,4
RAW,2,25.082666,121.559525,5ffacf6c2d,9f30b33098,3
Shoun RyuGin,2,25.08258,121.5595,5ffacf6c2d,d79d741152,4
TaÃ¯rroir,2,25.082718,121.559296,5ffacf6c2d,9f30b33098,3
Sushi Amamoto,2,25.037945,121.55487,5ffacf6c2d,25e2d66355,4
The Guest House,2,25.04486,121.52198,5ffacf6c2d,c99dee5d76,2
Gaggan,2,13.737679,100.542145,5b7046f255,9f30b33098,5
SÃ¼hring,2,13.710947,100.545654,5b7046f255,23e9edeb5a,4
Mezzaluna,2,13.722148,100.51691,5b7046f255,9f30b33098,5
Le Normandie,2,13.723197,100.513855,5b7046f255,72fcfc7b84,4
minibar,2,38.896294,-77.02386,66829a57db,a34deda01c,4
Pineapple and Pearls,2,38.880707,-76.99514,66829a57db,a34deda01c,4
